Caso,C0_mAh_g,ret_500_frac,k_decay_per_cycle,C_500_mAh_g
Grafite (baseline),370.0,0.8,0.0004462871026284194,296.0
Grafite + 5% FG,420.0,0.92,0.00016676321787810204,386.40000000000003
Si + 10% FG,1500.0,0.85,0.0003250378589955499,1275.0
